station_id,first_date,last_date,n_observed_days,n_missing_days,history_days,total_demand,history_group,is_short_history,is_zero_almost_always,appears_active_recently
3000,2021-07-01,2021-07-01,1,0,1,2.0,newborn,True,False,False
3005,2019-01-01,2024-12-30,2191,0,2191,59593.0,mature,False,False,True
3006,2019-01-01,2024-12-31,2192,0,2192,34790.0,mature,False,False,True
3007,2019-01-01,2024-12-31,2192,0,2192,17315.0,mature,False,False,True
3008,2019-01-01,2024-12-31,2192,0,2192,18640.0,mature,False,False,True
3010,2019-01-01,2024-12-27,2188,0,2188,3300.0,mature,False,False,True
3011,2019-01-01,2024-12-31,2192,0,2192,8716.0,mature,False,False,True
3013,2019-01-02,2019-08-15,226,0,226,101.0,young,True,False,False
3014,2019-01-01,2024-12-31,2192,0,2192,26905.0,mature,False,False,True
3016,2019-01-01,2024-12-28,2189,0,2189,7372.0,mature,False,False,True
3018,2019-01-01,2024-12-31,2192,0,2192,13142.0,mature,False,False,True
3019,2019-01-01,2024-12-31,2192,0,2192,12087.0,mature,False,False,True
3020,2019-01-01,2024-12-30,2191,0,2191,3444.0,mature,False,False,True
3022,2019-01-01,2024-12-30,2191,0,2191,15820.0,mature,False,False,True
3023,2019-01-01,2022-03-14,1169,0,1169,4750.0,mature,False,False,False
3024,2019-01-02,2024-12-30,2190,0,2190,5259.0,mature,False,False,True
3025,2019-01-01,2024-12-28,2189,0,2189,3222.0,mature,False,False,True
3026,2019-01-01,2024-12-31,2192,0,2192,9767.0,mature,False,False,True
3027,2019-01-01,2024-12-31,2192,0,2192,15549.0,mature,False,False,True
3028,2019-01-01,2024-12-31,2192,0,2192,5157.0,mature,False,False,True
3029,2019-01-01,2022-06-22,1269,0,1269,4927.0,mature,False,False,False
3030,2019-01-01,2024-12-31,2192,0,2192,29689.0,mature,False,False,True
3031,2019-01-01,2024-04-03,1920,0,1920,25421.0,mature,False,False,False
3032,2019-01-01,2024-12-31,2192,0,2192,14995.0,mature,False,False,True
3033,2019-01-01,2024-12-31,2192,0,2192,7393.0,mature,False,False,True
3034,2019-01-01,2024-12-31,2192,0,2192,13720.0,mature,False,False,True
3035,2019-01-01,2024-12-31,2192,0,2192,44486.0,mature,False,False,True
3036,2019-01-01,2024-09-23,2093,0,2093,5678.0,mature,False,False,False
3037,2019-01-01,2024-12-30,2191,0,2191,7124.0,mature,False,False,True
3038,2019-01-01,2019-12-08,342,0,342,4927.0,young,True,False,False
3040,2019-01-01,2024-12-31,2192,0,2192,7214.0,mature,False,False,True
3042,2019-01-01,2024-12-31,2192,0,2192,21472.0,mature,False,False,True
3045,2019-01-02,2024-12-31,2191,0,2191,3839.0,mature,False,False,True
3046,2019-01-01,2024-12-29,2190,0,2190,7451.0,mature,False,False,True
3047,2019-01-01,2024-12-31,2192,0,2192,13774.0,mature,False,False,True
3048,2019-01-01,2024-12-31,2192,0,2192,7354.0,mature,False,False,True
3049,2019-01-01,2024-12-31,2192,0,2192,10964.0,mature,False,False,True
3051,2019-01-01,2020-04-08,464,0,464,3791.0,mature,False,False,False
3052,2019-01-01,2024-12-31,2192,0,2192,15988.0,mature,False,False,True
3054,2019-01-01,2024-12-31,2192,0,2192,5094.0,mature,False,False,True
3056,2019-01-01,2024-12-31,2192,0,2192,6277.0,mature,False,False,True
3057,2019-01-01,2022-10-15,1384,0,1384,2460.0,mature,False,False,False
3058,2019-01-02,2024-12-31,2191,0,2191,4844.0,mature,False,False,True
3062,2019-01-01,2024-12-31,2192,0,2192,10214.0,mature,False,False,True
3063,2019-01-01,2024-12-30,2191,0,2191,19603.0,mature,False,False,True
3064,2019-01-01,2024-12-31,2192,0,2192,29375.0,mature,False,False,True
3065,2019-01-01,2024-12-31,2192,0,2192,4426.0,mature,False,False,True
3066,2019-01-01,2024-12-29,2190,0,2190,11904.0,mature,False,False,True
3067,2019-01-01,2020-12-27,727,0,727,8671.0,mature,False,False,False
3068,2019-01-01,2024-12-31,2192,0,2192,12559.0,mature,False,False,True
3069,2019-01-01,2024-12-31,2192,0,2192,19231.0,mature,False,False,True
3074,2019-01-01,2024-12-31,2192,0,2192,24542.0,mature,False,False,True
3075,2019-01-01,2024-12-30,2191,0,2191,13655.0,mature,False,False,True
3076,2019-01-01,2024-12-30,2191,0,2191,8596.0,mature,False,False,True
3077,2019-01-01,2024-12-31,2192,0,2192,6701.0,mature,False,False,True
3078,2019-01-02,2024-12-30,2190,0,2190,5713.0,mature,False,False,True
3079,2019-07-25,2024-12-30,1986,0,1986,2314.0,mature,False,False,True
3081,2019-01-01,2024-12-30,2191,0,2191,3080.0,mature,False,False,True
3082,2019-01-01,2024-12-31,2192,0,2192,16611.0,mature,False,False,True
4108,2019-05-24,2019-12-30,221,0,221,14.0,young,True,False,False
4125,2019-03-04,2019-10-27,238,0,238,37.0,young,True,False,False
4126,2019-01-01,2019-11-10,314,0,314,1434.0,young,True,False,False
4127,2019-01-10,2019-11-11,306,0,306,130.0,young,True,False,False
4129,2019-01-02,2019-11-14,317,0,317,747.0,young,True,False,False
4130,2019-01-01,2019-11-12,316,0,316,594.0,young,True,False,False
4131,2019-01-01,2019-11-10,314,0,314,748.0,young,True,False,False
4132,2019-01-01,2019-11-13,317,0,317,549.0,young,True,False,False
4133,2019-01-05,2019-11-15,315,0,315,779.0,young,True,False,False
4134,2019-01-01,2019-11-09,313,0,313,316.0,young,True,False,False
4135,2019-01-02,2019-11-09,312,0,312,361.0,young,True,False,False
4136,2019-01-19,2019-11-14,300,0,300,194.0,young,True,False,False
4202,2019-01-01,2024-12-31,2192,0,2192,9979.0,mature,False,False,True
4204,2019-01-01,2024-12-31,2192,0,2192,8094.0,mature,False,False,True
4205,2019-01-01,2024-12-31,2192,0,2192,5881.0,mature,False,False,True
4206,2019-01-01,2024-12-31,2192,0,2192,8301.0,mature,False,False,True
4207,2019-01-02,2024-12-31,2191,0,2191,6595.0,mature,False,False,True
4208,2019-01-01,2024-12-31,2192,0,2192,5210.0,mature,False,False,True
4209,2019-01-01,2024-12-31,2192,0,2192,18048.0,mature,False,False,True
4210,2019-01-01,2024-12-31,2192,0,2192,47082.0,mature,False,False,True
4211,2019-01-01,2024-12-31,2192,0,2192,16711.0,mature,False,False,True
4212,2019-01-01,2024-12-31,2192,0,2192,20342.0,mature,False,False,True
4213,2019-01-03,2024-12-31,2190,0,2190,2744.0,mature,False,False,True
4214,2019-01-01,2024-12-31,2192,0,2192,72215.0,mature,False,False,True
4215,2019-01-01,2024-12-31,2192,0,2192,53071.0,mature,False,False,True
4216,2019-01-01,2024-12-31,2192,0,2192,9137.0,mature,False,False,True
4217,2021-04-13,2024-12-31,1359,0,1359,5159.0,mature,False,False,True
4220,2019-01-01,2024-12-31,2192,0,2192,9958.0,mature,False,False,True
4227,2019-01-02,2024-12-30,2190,0,2190,3547.0,mature,False,False,True
4245,2019-01-01,2024-12-31,2192,0,2192,10906.0,mature,False,False,True
4246,2019-01-01,2024-12-29,2190,0,2190,5389.0,mature,False,False,True
4247,2019-06-02,2024-12-30,2039,0,2039,3471.0,mature,False,False,True
4248,2019-01-01,2024-12-29,2190,0,2190,8321.0,mature,False,False,True
4249,2019-01-01,2024-12-30,2191,0,2191,9124.0,mature,False,False,True
4250,2019-01-01,2024-12-31,2192,0,2192,12512.0,mature,False,False,True
4254,2019-01-01,2024-12-31,2192,0,2192,4829.0,mature,False,False,True
4255,2021-03-26,2024-12-31,1377,0,1377,2753.0,mature,False,False,True
4266,2019-01-01,2024-12-31,2192,0,2192,11681.0,mature,False,False,True
4267,2019-01-10,2024-12-30,2182,0,2182,6952.0,mature,False,False,True
4273,2019-01-02,2024-12-31,2191,0,2191,15857.0,mature,False,False,True
4275,2019-01-10,2024-12-31,2183,0,2183,4042.0,mature,False,False,True
4293,2019-01-26,2024-12-28,2164,0,2164,3948.0,mature,False,False,True
4300,2019-02-16,2024-12-31,2146,0,2146,6580.0,mature,False,False,True
4301,2019-06-19,2024-12-31,2023,0,2023,4021.0,mature,False,False,True
4302,2019-06-20,2024-12-31,2022,0,2022,3542.0,mature,False,False,True
4303,2019-06-20,2024-12-31,2022,0,2022,3278.0,mature,False,False,True
4304,2019-01-30,2024-12-31,2163,0,2163,10671.0,mature,False,False,True
4306,2019-01-30,2024-12-28,2160,0,2160,5038.0,mature,False,False,True
4311,2019-02-07,2024-12-31,2155,0,2155,5603.0,mature,False,False,True
4312,2019-02-16,2024-12-31,2146,0,2146,3696.0,mature,False,False,True
4313,2019-02-06,2024-12-30,2155,0,2155,4692.0,mature,False,False,True
4314,2019-02-09,2024-12-31,2153,0,2153,6148.0,mature,False,False,True
4315,2019-02-06,2024-12-31,2156,0,2156,10272.0,mature,False,False,True
4321,2020-07-22,2020-08-30,40,0,40,24.0,newborn,True,False,False
4322,2019-03-03,2020-09-20,568,0,568,650.0,mature,False,False,False
4323,2019-03-01,2020-09-12,562,0,562,491.0,mature,False,False,False
4324,2019-02-28,2020-09-09,560,0,560,501.0,mature,False,False,False
4325,2019-02-28,2020-09-15,566,0,566,643.0,mature,False,False,False
4327,2019-05-02,2019-05-02,1,0,1,1.0,newborn,True,False,False
4328,2019-03-03,2020-08-15,532,0,532,258.0,mature,False,False,False
4329,2019-02-28,2020-09-20,571,0,571,956.0,mature,False,False,False
4330,2019-03-01,2020-09-27,577,0,577,1137.0,mature,False,False,False
4331,2019-02-28,2020-09-25,576,0,576,576.0,mature,False,False,False
4332,2019-03-03,2020-09-19,567,0,567,302.0,mature,False,False,False
4333,2019-03-03,2020-09-16,564,0,564,251.0,mature,False,False,False
4334,2019-02-28,2020-09-14,565,0,565,646.0,mature,False,False,False
4335,2019-03-01,2020-09-15,565,0,565,582.0,mature,False,False,False
4336,2019-03-02,2020-08-19,537,0,537,369.0,mature,False,False,False
4337,2019-05-29,2020-07-25,424,0,424,118.0,mature,False,False,False
4338,2019-07-03,2020-09-14,440,0,440,214.0,mature,False,False,False
4340,2019-03-07,2020-09-26,570,0,570,696.0,mature,False,False,False
4341,2019-03-05,2020-09-25,571,0,571,292.0,mature,False,False,False
4342,2019-02-11,2020-09-26,594,0,594,1379.0,mature,False,False,False
4343,2019-02-12,2020-09-23,590,0,590,703.0,mature,False,False,False
4344,2019-02-08,2020-09-25,596,0,596,4652.0,mature,False,False,False
4345,2019-02-28,2020-09-19,570,0,570,7111.0,mature,False,False,False
4346,2019-02-09,2020-09-25,595,0,595,5666.0,mature,False,False,False
4347,2019-03-01,2020-09-24,574,0,574,2293.0,mature,False,False,False
4348,2019-02-09,2020-09-15,585,0,585,705.0,mature,False,False,False
4349,2019-02-28,2020-09-26,577,0,577,2055.0,mature,False,False,False
4350,2019-03-04,2020-09-23,570,0,570,535.0,mature,False,False,False
4351,2019-03-01,2020-09-25,575,0,575,751.0,mature,False,False,False
4352,2019-02-09,2020-09-24,594,0,594,745.0,mature,False,False,False
4353,2019-02-28,2020-09-23,574,0,574,1931.0,mature,False,False,False
4354,2019-02-28,2020-09-21,572,0,572,745.0,mature,False,False,False
4356,2019-03-03,2019-03-03,1,0,1,66.0,newborn,True,False,False
4357,2019-03-03,2019-03-03,1,0,1,47.0,newborn,True,False,False
4362,2019-06-28,2019-06-28,1,0,1,1.0,newborn,True,False,False
4363,2019-04-13,2019-12-12,244,0,244,8.0,young,True,True,False
4369,2019-03-03,2019-03-03,1,0,1,11.0,newborn,True,False,False
4372,2019-03-26,2020-08-21,515,0,515,353.0,mature,False,False,False
4373,2019-03-25,2019-03-25,1,0,1,2.0,newborn,True,False,False
4374,2019-03-28,2019-04-25,29,0,29,7.0,newborn,True,False,False
4378,2019-03-27,2020-09-15,539,0,539,214.0,mature,False,False,False
4379,2019-03-24,2020-08-16,512,0,512,81.0,mature,False,False,False
4380,2019-03-24,2020-08-25,521,0,521,189.0,mature,False,False,False
4381,2019-04-17,2020-09-25,528,0,528,219.0,mature,False,False,False
4382,2019-03-21,2020-09-20,550,0,550,171.0,mature,False,False,False
4383,2019-05-10,2020-09-01,481,0,481,228.0,mature,False,False,False
4384,2019-07-03,2020-08-26,421,0,421,117.0,mature,False,False,False
4385,2019-04-20,2020-09-02,502,0,502,146.0,mature,False,False,False
4387,2019-04-02,2024-12-31,2101,0,2101,5284.0,mature,False,False,True
4389,2019-05-08,2020-09-03,485,0,485,315.0,mature,False,False,False
4390,2019-05-11,2024-12-30,2061,0,2061,5247.0,mature,False,False,True
4393,2019-06-02,2020-09-15,472,0,472,425.0,mature,False,False,False
4394,2019-05-17,2020-09-04,477,0,477,181.0,mature,False,False,False
4395,2019-05-17,2019-10-16,153,0,153,12.0,young,True,True,False
4396,2019-05-23,2020-08-04,440,0,440,172.0,mature,False,False,False
4397,2019-05-18,2020-08-13,454,0,454,315.0,mature,False,False,False
4400,2019-06-12,2020-09-07,454,0,454,471.0,mature,False,False,False
4401,2019-06-01,2024-12-30,2040,0,2040,4939.0,mature,False,False,True
4402,2019-08-18,2019-08-18,1,0,1,90.0,newborn,True,False,False
4403,2020-02-19,2022-12-04,1020,0,1020,130.0,mature,False,True,False
4404,2019-06-06,2024-12-31,2036,0,2036,4050.0,mature,False,False,True
4405,2019-06-27,2024-12-31,2015,0,2015,3800.0,mature,False,False,True
4406,2019-08-15,2024-12-30,1965,0,1965,5688.0,mature,False,False,True
4407,2019-08-18,2019-08-18,1,0,1,150.0,newborn,True,False,False
4408,2019-06-09,2020-08-29,448,0,448,129.0,mature,False,False,False
4409,2019-06-09,2020-09-15,465,0,465,478.0,mature,False,False,False
4410,2019-06-07,2024-12-31,2035,0,2035,9946.0,mature,False,False,True
4413,2019-08-07,2021-06-02,666,0,666,354.0,mature,False,False,False
4414,2019-08-08,2021-07-01,694,0,694,450.0,mature,False,False,False
4415,2019-08-06,2021-10-06,793,0,793,407.0,mature,False,False,False
4416,2019-08-06,2021-06-24,689,0,689,229.0,mature,False,False,False
4417,2019-08-05,2021-11-07,826,0,826,404.0,mature,False,False,False
4418,2019-08-07,2021-06-30,694,0,694,149.0,mature,False,False,False
4419,2019-08-07,2021-07-25,719,0,719,328.0,mature,False,False,False
4420,2019-08-05,2021-11-13,832,0,832,1980.0,mature,False,False,False
4422,2019-08-07,2021-10-12,798,0,798,324.0,mature,False,False,False
4425,2019-08-13,2021-10-07,787,0,787,367.0,mature,False,False,False
4426,2019-08-07,2021-09-25,781,0,781,353.0,mature,False,False,False
4427,2019-08-07,2021-07-15,709,0,709,302.0,mature,False,False,False
4428,2019-08-05,2021-10-05,793,0,793,500.0,mature,False,False,False
4429,2019-08-06,2021-11-10,828,0,828,554.0,mature,False,False,False
4430,2019-08-08,2021-10-21,806,0,806,228.0,mature,False,False,False
4431,2019-08-08,2021-10-31,816,0,816,422.0,mature,False,False,False
4432,2019-08-25,2021-09-15,753,0,753,105.0,mature,False,False,False
4435,2019-08-29,2019-11-12,76,0,76,53.0,newborn,True,False,False
4436,2019-09-06,2024-12-31,1944,0,1944,2305.0,mature,False,False,True
4437,2019-09-05,2024-12-29,1943,0,1943,3170.0,mature,False,False,True
4438,2019-09-06,2024-12-29,1942,0,1942,1736.0,mature,False,False,True
4439,2019-12-16,2024-12-22,1834,0,1834,2199.0,mature,False,False,True
4440,2019-09-11,2024-12-31,1939,0,1939,6866.0,mature,False,False,True
4441,2019-09-11,2024-12-29,1937,0,1937,3180.0,mature,False,False,True
4442,2019-09-15,2024-12-31,1935,0,1935,3041.0,mature,False,False,True
4443,2019-09-12,2024-12-31,1938,0,1938,3969.0,mature,False,False,True
4444,2019-09-18,2024-12-31,1932,0,1932,6876.0,mature,False,False,True
4445,2019-09-18,2024-12-31,1932,0,1932,5164.0,mature,False,False,True
4446,2019-10-06,2024-12-31,1914,0,1914,5479.0,mature,False,False,True
4447,2019-10-03,2024-12-31,1917,0,1917,6540.0,mature,False,False,True
4448,2019-10-04,2024-12-31,1916,0,1916,5873.0,mature,False,False,True
4449,2019-09-26,2024-12-31,1924,0,1924,5440.0,mature,False,False,True
4450,2019-11-15,2024-12-29,1872,0,1872,5101.0,mature,False,False,True
4451,2019-10-09,2024-12-30,1910,0,1910,2196.0,mature,False,False,True
4452,2019-10-10,2024-12-31,1910,0,1910,1864.0,mature,False,False,True
4453,2019-09-25,2024-12-31,1925,0,1925,2455.0,mature,False,False,True
4454,2019-11-07,2024-12-31,1882,0,1882,7044.0,mature,False,False,True
4455,2019-11-19,2024-12-31,1870,0,1870,4716.0,mature,False,False,True
4456,2019-11-09,2024-12-30,1879,0,1879,3991.0,mature,False,False,True
4457,2019-11-06,2024-12-30,1882,0,1882,1997.0,mature,False,False,True
4458,2019-10-16,2020-08-29,319,0,319,262.0,young,True,False,False
4459,2019-10-20,2020-09-26,343,0,343,247.0,young,True,False,False
4460,2019-10-19,2020-09-23,341,0,341,367.0,young,True,False,False
4461,2019-10-18,2020-09-20,339,0,339,249.0,young,True,False,False
4462,2019-10-23,2020-09-07,321,0,321,175.0,young,True,False,False
4463,2019-10-19,2021-07-06,627,0,627,196.0,mature,False,False,False
4469,2019-11-07,2020-09-26,325,0,325,391.0,young,True,False,False
4470,2019-11-06,2020-09-26,326,0,326,503.0,young,True,False,False
4472,2019-11-21,2024-12-30,1867,0,1867,3789.0,mature,False,False,True
4473,2019-12-01,2024-12-31,1858,0,1858,2595.0,mature,False,False,True
4474,2020-01-17,2024-12-31,1811,0,1811,3979.0,mature,False,False,True
4475,2020-01-16,2024-12-31,1812,0,1812,7869.0,mature,False,False,True
4476,2020-02-20,2024-12-31,1777,0,1777,5181.0,mature,False,False,True
4477,2021-09-28,2024-12-30,1190,0,1190,1842.0,mature,False,False,True
4478,2020-01-10,2024-12-31,1818,0,1818,2344.0,mature,False,False,True
4479,2020-01-13,2024-12-30,1814,0,1814,6578.0,mature,False,False,True
4480,2019-11-07,2024-12-28,1879,0,1879,2841.0,mature,False,False,True
4482,2019-11-18,2024-12-28,1868,0,1868,5489.0,mature,False,False,True
4483,2019-11-23,2024-12-31,1866,0,1866,5772.0,mature,False,False,True
4484,2019-12-07,2020-09-26,295,0,295,442.0,young,True,False,False
4486,2021-02-03,2024-12-31,1428,0,1428,4834.0,mature,False,False,True
4487,2022-01-16,2024-12-31,1081,0,1081,8549.0,mature,False,False,True
4490,2019-12-31,2024-12-31,1828,0,1828,4753.0,mature,False,False,True
4491,2019-12-11,2024-12-31,1848,0,1848,20692.0,mature,False,False,True
4492,2021-05-06,2024-12-27,1332,0,1332,4024.0,mature,False,False,True
4493,2019-12-18,2024-12-31,1841,0,1841,5073.0,mature,False,False,True
4494,2020-01-08,2024-12-31,1820,0,1820,4155.0,mature,False,False,True
4496,2020-03-03,2020-07-26,146,0,146,305.0,young,True,False,False
4497,2020-04-15,2021-08-18,491,0,491,197.0,mature,False,False,False
4498,2020-04-22,2021-10-21,548,0,548,96.0,mature,False,False,False
4499,2020-03-08,2021-08-31,542,0,542,120.0,mature,False,False,False
4500,2020-03-07,2021-07-30,511,0,511,116.0,mature,False,False,False
4502,2020-05-07,2021-10-27,539,0,539,182.0,mature,False,False,False
4503,2020-02-26,2020-09-09,197,0,197,139.0,young,True,False,False
4504,2020-02-21,2020-09-26,219,0,219,703.0,young,True,False,False
4505,2020-02-16,2020-07-14,150,0,150,98.0,young,True,False,False
4508,2020-02-23,2020-02-23,1,0,1,72.0,newborn,True,False,False
4509,2020-08-07,2024-12-31,1608,0,1608,6292.0,mature,False,False,True
4510,2020-08-13,2024-12-31,1602,0,1602,4696.0,mature,False,False,True
4511,2020-10-12,2024-12-31,1542,0,1542,3465.0,mature,False,False,True
4512,2020-05-12,2024-12-31,1695,0,1695,8934.0,mature,False,False,True
4513,2020-09-24,2024-07-30,1406,0,1406,2489.0,mature,False,False,False
4514,2022-08-21,2024-12-30,863,0,863,5331.0,mature,False,False,True
4515,2022-03-18,2024-12-31,1020,0,1020,3705.0,mature,False,False,True
4516,2020-07-16,2024-05-15,1400,0,1400,9113.0,mature,False,False,False
4517,2021-10-07,2024-12-29,1180,0,1180,2990.0,mature,False,False,True
4518,2020-07-21,2024-12-31,1625,0,1625,4213.0,mature,False,False,True
4521,2021-03-05,2024-12-30,1397,0,1397,2681.0,mature,False,False,True
4523,2020-04-23,2024-12-31,1714,0,1714,4532.0,mature,False,False,True
4524,2020-04-17,2024-12-31,1720,0,1720,7529.0,mature,False,False,True
4525,2021-10-01,2024-12-31,1188,0,1188,3263.0,mature,False,False,True
4526,2021-09-28,2024-12-31,1191,0,1191,2137.0,mature,False,False,True
4527,2021-10-08,2024-12-31,1181,0,1181,1484.0,mature,False,False,True
4528,2021-12-15,2024-12-31,1113,0,1113,7006.0,mature,False,False,True
4529,2021-10-03,2024-12-31,1186,0,1186,1969.0,mature,False,False,True
4534,2021-10-06,2024-12-31,1183,0,1183,3582.0,mature,False,False,True
4536,2020-12-11,2024-12-31,1482,0,1482,5827.0,mature,False,False,True
4537,2021-09-29,2024-12-31,1190,0,1190,3787.0,mature,False,False,True
4538,2020-07-09,2024-12-31,1637,0,1637,4179.0,mature,False,False,True
4539,2021-10-03,2024-01-03,823,0,823,1860.0,mature,False,False,False
4540,2020-09-10,2024-12-31,1574,0,1574,3652.0,mature,False,False,True
4541,2020-07-16,2020-09-17,64,0,64,22.0,newborn,True,False,False
4542,2020-07-30,2020-09-26,59,0,59,83.0,newborn,True,False,False
4543,2020-10-21,2024-12-31,1533,0,1533,25169.0,mature,False,False,True
4544,2020-10-21,2024-12-31,1533,0,1533,20285.0,mature,False,False,True
4545,2020-10-24,2024-12-31,1530,0,1530,6735.0,mature,False,False,True
4546,2020-11-28,2024-12-31,1495,0,1495,6663.0,mature,False,False,True
4547,2021-03-05,2024-12-31,1398,0,1398,4690.0,mature,False,False,True
4548,2021-02-03,2024-12-31,1428,0,1428,8310.0,mature,False,False,True
4549,2020-12-12,2024-12-31,1481,0,1481,4052.0,mature,False,False,True
4552,2021-07-15,2024-12-31,1266,0,1266,2863.0,mature,False,False,True
4553,2021-01-15,2024-12-31,1447,0,1447,4561.0,mature,False,False,True
4554,2020-11-19,2024-12-31,1504,0,1504,4881.0,mature,False,False,True
4555,2020-12-05,2024-12-31,1488,0,1488,3975.0,mature,False,False,True
4556,2020-11-14,2024-12-31,1509,0,1509,3278.0,mature,False,False,True
4557,2020-12-03,2024-12-31,1490,0,1490,2235.0,mature,False,False,True
4558,2020-10-21,2024-12-31,1533,0,1533,15512.0,mature,False,False,True
4559,2020-12-19,2024-12-26,1469,0,1469,1452.0,mature,False,False,True
4560,2020-11-29,2024-10-15,1417,0,1417,1226.0,mature,False,False,True
4561,2021-01-16,2024-12-31,1446,0,1446,3225.0,mature,False,False,True
4562,2021-01-15,2024-12-31,1447,0,1447,3414.0,mature,False,False,True
4563,2020-10-24,2024-12-31,1530,0,1530,7890.0,mature,False,False,True
4564,2020-11-21,2024-12-31,1502,0,1502,5980.0,mature,False,False,True
4565,2021-03-21,2024-12-31,1382,0,1382,2096.0,mature,False,False,True
4566,2020-12-08,2024-12-31,1485,0,1485,7579.0,mature,False,False,True
4567,2020-12-01,2024-12-31,1492,0,1492,4985.0,mature,False,False,True
4568,2020-10-23,2024-12-31,1531,0,1531,6516.0,mature,False,False,True
4569,2020-12-04,2024-12-31,1489,0,1489,3458.0,mature,False,False,True
4570,2020-12-01,2024-12-30,1491,0,1491,4299.0,mature,False,False,True
4571,2020-11-21,2024-12-31,1502,0,1502,2890.0,mature,False,False,True
4572,2020-11-28,2024-12-31,1495,0,1495,2661.0,mature,False,False,True
4573,2020-12-04,2024-12-31,1489,0,1489,2732.0,mature,False,False,True
4575,2021-03-18,2024-12-31,1385,0,1385,4917.0,mature,False,False,True
4576,2021-04-21,2024-12-31,1351,0,1351,4764.0,mature,False,False,True
4577,2020-12-13,2024-12-31,1480,0,1480,1637.0,mature,False,False,True
4578,2021-07-03,2024-12-31,1278,0,1278,11022.0,mature,False,False,True
4579,2021-04-15,2024-12-30,1356,0,1356,1941.0,mature,False,False,True
4580,2020-11-30,2024-12-28,1490,0,1490,2243.0,mature,False,False,True
4581,2021-02-06,2024-12-31,1425,0,1425,6098.0,mature,False,False,True
4582,2020-11-13,2024-12-31,1510,0,1510,1840.0,mature,False,False,True
4583,2020-11-07,2024-12-31,1516,0,1516,5292.0,mature,False,False,True
4584,2021-10-06,2024-12-28,1180,0,1180,4835.0,mature,False,False,True
4587,2021-04-22,2024-12-31,1350,0,1350,5687.0,mature,False,False,True
4593,2021-12-05,2021-12-05,1,0,1,69.0,newborn,True,False,False
4594,2021-12-05,2021-12-05,1,0,1,46.0,newborn,True,False,False
4595,2022-03-06,2024-12-31,1032,0,1032,925.0,mature,False,False,True
4596,2022-03-06,2024-12-28,1029,0,1029,1089.0,mature,False,False,True
4597,2022-03-06,2024-12-31,1032,0,1032,1489.0,mature,False,False,True
4598,2022-03-06,2024-12-30,1031,0,1031,701.0,mature,False,False,True
4599,2022-03-10,2024-12-30,1027,0,1027,2352.0,mature,False,False,True
4600,2022-03-07,2024-12-28,1028,0,1028,829.0,mature,False,False,True
4601,2022-03-11,2024-12-31,1027,0,1027,1093.0,mature,False,False,True
4602,2022-03-08,2024-12-22,1021,0,1021,1063.0,mature,False,False,False
4603,2022-03-10,2024-12-31,1028,0,1028,549.0,mature,False,False,True
4604,2022-03-06,2024-12-30,1031,0,1031,1076.0,mature,False,False,True
4605,2022-03-11,2024-12-28,1024,0,1024,1055.0,mature,False,False,True
4606,2022-03-04,2024-12-31,1034,0,1034,3411.0,mature,False,False,True
4613,2022-02-16,2024-12-31,1050,0,1050,12087.0,mature,False,False,True
4614,2022-02-26,2024-12-30,1039,0,1039,7840.0,mature,False,False,True
4623,2022-07-10,2022-07-10,1,0,1,25.0,newborn,True,False,False
4624,2022-07-10,2022-07-10,1,0,1,1.0,newborn,True,False,False
4625,2022-07-10,2024-06-23,715,0,715,108.0,mature,False,True,False
4626,2022-07-08,2022-07-10,3,0,3,40.0,newborn,True,False,False
4627,2022-07-14,2024-12-31,902,0,902,5039.0,mature,False,False,True
4628,2022-10-19,2024-12-30,804,0,804,1865.0,mature,False,False,True
4629,2022-08-21,2024-08-18,729,0,729,260.0,mature,False,True,False
4631,2022-08-21,2022-08-21,1,0,1,4.0,newborn,True,False,False
4632,2022-09-15,2024-12-31,839,0,839,6268.0,mature,False,False,True
4633,2022-10-09,2022-10-09,1,0,1,100.0,newborn,True,False,False
4634,2022-10-09,2023-10-15,372,0,372,228.0,mature,False,True,False
4636,2023-10-15,2023-10-15,1,0,1,3.0,newborn,True,False,False
4638,2022-12-04,2022-12-04,1,0,1,65.0,newborn,True,False,False
4643,2023-02-17,2024-12-30,683,0,683,10720.0,mature,False,False,True
4644,2023-02-20,2024-12-30,680,0,680,6266.0,mature,False,False,True
4645,2023-03-17,2024-12-31,656,0,656,2896.0,mature,False,False,True
4646,2023-04-16,2023-04-16,1,0,1,94.0,newborn,True,False,False
4647,2023-04-16,2023-04-16,1,0,1,87.0,newborn,True,False,False
4648,2023-04-16,2023-04-16,1,0,1,10.0,newborn,True,False,False
4650,2023-05-21,2023-05-21,1,0,1,19.0,newborn,True,False,False
4651,2023-05-21,2023-05-21,1,0,1,1.0,newborn,True,False,False
4652,2023-05-31,2024-12-31,581,0,581,3139.0,mature,False,False,True
4654,2023-06-03,2023-06-03,1,0,1,9.0,newborn,True,False,False
4655,2023-06-18,2023-06-18,1,0,1,77.0,newborn,True,False,False
4660,2023-09-14,2024-12-31,475,0,475,2163.0,mature,False,False,True
4661,2023-12-03,2023-12-03,1,0,1,35.0,newborn,True,False,False
4662,2023-12-03,2023-12-03,1,0,1,36.0,newborn,True,False,False
4663,2023-12-03,2023-12-03,1,0,1,1.0,newborn,True,False,False
4664,2024-01-03,2024-12-31,364,0,364,1312.0,young,True,False,True
4665,2024-01-04,2024-01-04,1,0,1,1.0,newborn,True,False,False
4667,2024-02-23,2024-02-25,3,0,3,82.0,newborn,True,False,False
4669,2024-04-11,2024-05-23,43,0,43,436.0,newborn,True,False,False
4670,2024-04-21,2024-04-21,1,0,1,128.0,newborn,True,False,False
4671,2024-04-21,2024-04-21,1,0,1,13.0,newborn,True,False,False
4672,2024-05-24,2024-12-31,222,0,222,4498.0,young,True,False,True
4675,2024-06-21,2024-06-23,3,0,3,53.0,newborn,True,False,False
4678,2024-06-23,2024-06-23,1,0,1,10.0,newborn,True,False,False
4680,2024-07-18,2024-12-30,166,0,166,1171.0,young,True,False,True
4682,2024-08-18,2024-08-18,1,0,1,8.0,newborn,True,False,False
4684,2024-09-15,2024-09-15,1,0,1,26.0,newborn,True,False,False
4686,2024-10-13,2024-10-13,1,0,1,69.0,newborn,True,False,False
4687,2024-10-13,2024-10-13,1,0,1,51.0,newborn,True,False,False
4689,2024-10-16,2024-12-25,71,0,71,64.0,newborn,True,False,True
